sample	kind	pid	starttime	clock_tick_hz	uptime_seconds	elapsed_seconds	utime	stime	cutime	cstime	own_delta_jiffies	child_delta_jiffies	delta_jiffies	own_cpu_one_core_percent	child_cpu_one_core_percent	cpu_one_core_percent
0	boundary	393286	1389089	100	13921.52	0	188	42	62	126	null	null	null	null	null	null
1	interval	393286	1389089	100	13922.53	1.010000	192	43	62	126	5	0	5	4.950495	0.000000	4.950495
2	interval	393286	1389089	100	13923.53	1.000000	197	44	64	128	6	4	10	6.000000	4.000000	10.000000
3	interval	393286	1389089	100	13924.53	1.000000	200	45	65	131	4	4	8	4.000000	4.000000	8.000000
4	interval	393286	1389089	100	13925.53	1.000000	203	46	65	131	4	0	4	4.000000	0.000000	4.000000
5	interval	393286	1389089	100	13926.53	1.000000	207	47	68	139	5	11	16	5.000000	11.000000	16.000000
6	interval	393286	1389089	100	13927.53	1.000000	210	48	70	141	4	4	8	4.000000	4.000000	8.000000
7	interval	393286	1389089	100	13928.53	1.000000	214	49	70	141	5	0	5	5.000000	0.000000	5.000000
8	interval	393286	1389089	100	13929.53	1.000000	217	50	71	144	4	4	8	4.000000	4.000000	8.000000
9	interval	393286	1389089	100	13930.53	1.000000	227	52	72	146	12	3	15	12.000000	3.000000	15.000000
10	interval	393286	1389089	100	13931.53	1.000000	234	54	77	155	9	14	23	9.000000	14.000000	23.000000
11	interval	393286	1389089	100	13932.53	1.000000	240	55	77	157	7	2	9	7.000000	2.000000	9.000000
12	interval	393286	1389089	100	13933.53	1.000000	244	56	79	159	5	4	9	5.000000	4.000000	9.000000
13	interval	393286	1389089	100	13934.53	1.000000	247	57	79	159	4	0	4	4.000000	0.000000	4.000000
14	interval	393286	1389089	100	13935.52	0.990000	252	58	80	161	6	3	9	6.060606	3.030303	9.090909
15	interval	393286	1389089	100	13936.52	1.000000	256	59	84	171	5	14	19	5.000000	14.000000	19.000000
16	interval	393286	1389089	100	13937.53	1.010000	260	60	85	172	5	2	7	4.950495	1.980198	6.930693
17	interval	393286	1389089	100	13938.53	1.000000	263	61	85	174	4	2	6	4.000000	2.000000	6.000000
18	interval	393286	1389089	100	13939.53	1.000000	266	63	86	177	5	4	9	5.000000	4.000000	9.000000
19	interval	393286	1389089	100	13940.53	1.000000	270	64	86	177	5	0	5	5.000000	0.000000	5.000000
20	interval	393286	1389089	100	13941.53	1.000000	274	64	92	188	4	17	21	4.000000	17.000000	21.000000
21	interval	393286	1389089	100	13942.53	1.000000	276	66	93	190	4	3	7	4.000000	3.000000	7.000000
22	interval	393286	1389089	100	13943.53	1.000000	280	67	93	191	5	1	6	5.000000	1.000000	6.000000
23	interval	393286	1389089	100	13944.53	1.000000	283	67	93	193	3	2	5	3.000000	2.000000	5.000000
24	interval	393286	1389089	100	13945.53	1.000000	286	69	94	196	5	4	9	5.000000	4.000000	9.000000
25	interval	393286	1389089	100	13946.53	1.000000	290	70	97	201	5	8	13	5.000000	8.000000	13.000000
26	interval	393286	1389089	100	13947.53	1.000000	294	71	98	204	5	4	9	5.000000	4.000000	9.000000
27	interval	393286	1389089	100	13948.53	1.000000	297	72	99	206	4	3	7	4.000000	3.000000	7.000000
28	interval	393286	1389089	100	13949.53	1.000000	301	73	99	206	5	0	5	5.000000	0.000000	5.000000
29	interval	393286	1389089	100	13950.53	1.000000	305	75	100	209	6	4	10	6.000000	4.000000	10.000000
30	interval	393286	1389089	100	13951.53	1.000000	308	76	105	221	4	17	21	4.000000	17.000000	21.000000
31	interval	393286	1389089	100	13952.53	1.000000	311	77	106	222	4	2	6	4.000000	2.000000	6.000000
32	interval	393286	1389089	100	13953.53	1.000000	314	78	107	224	4	3	7	4.000000	3.000000	7.000000
33	interval	393286	1389089	100	13954.53	1.000000	318	79	108	226	5	3	8	5.000000	3.000000	8.000000
34	interval	393286	1389089	100	13955.53	1.000000	322	80	108	226	5	0	5	5.000000	0.000000	5.000000
35	interval	393286	1389089	100	13956.53	1.000000	326	81	111	235	5	12	17	5.000000	12.000000	17.000000
36	interval	393286	1389089	100	13957.53	1.000000	330	81	113	237	4	4	8	4.000000	4.000000	8.000000
37	interval	393286	1389089	100	13958.52	0.990000	335	82	113	237	6	0	6	6.060606	0.000000	6.060606
38	interval	393286	1389089	100	13959.52	1.000000	340	83	114	240	6	4	10	6.000000	4.000000	10.000000
39	interval	393286	1389089	100	13960.52	1.000000	344	84	115	242	5	3	8	5.000000	3.000000	8.000000
40	interval	393286	1389089	100	13961.53	1.010000	350	85	120	251	7	14	21	6.930693	13.861386	20.792079
41	interval	393286	1389089	100	13962.53	1.000000	355	86	121	254	6	4	10	6.000000	4.000000	10.000000
42	interval	393286	1389089	100	13963.53	1.000000	362	88	122	257	9	4	13	9.000000	4.000000	13.000000
43	interval	393286	1389089	100	13964.53	1.000000	367	88	122	257	5	0	5	5.000000	0.000000	5.000000
44	interval	393286	1389089	100	13965.53	1.000000	373	90	123	259	8	3	11	8.000000	3.000000	11.000000
45	interval	393286	1389089	100	13966.53	1.000000	378	92	127	267	7	12	19	7.000000	12.000000	19.000000
46	interval	393286	1389089	100	13967.53	1.000000	383	93	127	268	6	1	7	6.000000	1.000000	7.000000
47	interval	393286	1389089	100	13968.53	1.000000	387	94	127	270	5	2	7	5.000000	2.000000	7.000000
48	interval	393286	1389089	100	13969.53	1.000000	391	95	128	273	5	4	9	5.000000	4.000000	9.000000
49	interval	393286	1389089	100	13970.53	1.000000	395	97	128	273	6	0	6	6.000000	0.000000	6.000000
50	interval	393286	1389089	100	13971.53	1.000000	399	98	134	284	5	17	22	5.000000	17.000000	22.000000
51	interval	393286	1389089	100	13972.53	1.000000	403	99	135	286	5	3	8	5.000000	3.000000	8.000000
52	interval	393286	1389089	100	13973.53	1.000000	407	100	136	286	5	1	6	5.000000	1.000000	6.000000
53	interval	393286	1389089	100	13974.53	1.000000	410	101	136	289	4	3	7	4.000000	3.000000	7.000000
54	interval	393286	1389089	100	13975.53	1.000000	413	102	137	291	4	3	7	4.000000	3.000000	7.000000
55	interval	393286	1389089	100	13976.53	1.000000	417	103	139	298	5	9	14	5.000000	9.000000	14.000000
56	interval	393286	1389089	100	13977.53	1.000000	423	105	140	301	8	4	12	8.000000	4.000000	12.000000
57	interval	393286	1389089	100	13978.53	1.000000	427	105	141	302	4	2	6	4.000000	2.000000	6.000000
58	interval	393286	1389089	100	13979.53	1.000000	432	107	142	303	7	2	9	7.000000	2.000000	9.000000
59	interval	393286	1389089	100	13980.53	1.000000	436	107	143	305	4	3	7	4.000000	3.000000	7.000000
60	interval	393286	1389089	100	13981.53	1.000000	441	109	150	319	7	21	28	7.000000	21.000000	28.000000
61	interval	393286	1389089	100	13982.52	0.990000	444	110	150	319	4	0	4	4.040404	0.000000	4.040404
62	interval	393286	1389089	100	13983.52	1.000000	448	111	151	321	5	3	8	5.000000	3.000000	8.000000
63	interval	393286	1389089	100	13984.52	1.000000	452	113	152	324	6	4	10	6.000000	4.000000	10.000000
64	interval	393286	1389089	100	13985.53	1.010000	456	114	152	324	5	0	5	4.950495	0.000000	4.950495
65	interval	393286	1389089	100	13986.53	1.000000	459	115	155	333	4	12	16	4.000000	12.000000	16.000000
66	interval	393286	1389089	100	13987.52	0.990000	463	116	156	336	5	4	9	5.050505	4.040404	9.090909
67	interval	393286	1389089	100	13988.52	1.000000	467	116	156	336	4	0	4	4.000000	0.000000	4.000000
68	interval	393286	1389089	100	13989.53	1.010000	471	117	158	338	5	4	9	4.950495	3.960396	8.910891
69	interval	393286	1389089	100	13990.52	0.990000	475	118	158	340	5	2	7	5.050505	2.020202	7.070707
70	interval	393286	1389089	100	13991.52	1.000000	479	120	163	351	6	16	22	6.000000	16.000000	22.000000
71	interval	393286	1389089	100	13992.53	1.010000	483	121	164	352	5	2	7	4.950495	1.980198	6.930693
72	interval	393286	1389089	100	13993.53	1.000000	488	122	165	355	6	4	10	6.000000	4.000000	10.000000
73	interval	393286	1389089	100	13994.53	1.000000	492	123	165	355	5	0	5	5.000000	0.000000	5.000000
74	interval	393286	1389089	100	13995.53	1.000000	499	125	167	357	9	4	13	9.000000	4.000000	13.000000
75	interval	393286	1389089	100	13996.53	1.000000	502	127	170	366	5	12	17	5.000000	12.000000	17.000000
76	interval	393286	1389089	100	13997.53	1.000000	508	128	170	366	7	0	7	7.000000	0.000000	7.000000
77	interval	393286	1389089	100	13998.53	1.000000	511	129	171	369	4	4	8	4.000000	4.000000	8.000000
78	interval	393286	1389089	100	13999.53	1.000000	515	131	172	371	6	3	9	6.000000	3.000000	9.000000
79	interval	393286	1389089	100	14000.53	1.000000	519	132	172	371	5	0	5	5.000000	0.000000	5.000000
80	interval	393286	1389089	100	14001.53	1.000000	525	133	177	385	7	19	26	7.000000	19.000000	26.000000
81	interval	393286	1389089	100	14002.53	1.000000	529	134	178	387	5	3	8	5.000000	3.000000	8.000000
82	interval	393286	1389089	100	14003.53	1.000000	533	135	179	387	5	1	6	5.000000	1.000000	6.000000
83	interval	393286	1389089	100	14004.53	1.000000	537	135	179	389	4	2	6	4.000000	2.000000	6.000000
84	interval	393286	1389089	100	14005.53	1.000000	541	137	181	392	6	5	11	6.000000	5.000000	11.000000
85	interval	393286	1389089	100	14006.53	1.000000	545	138	183	398	5	8	13	5.000000	8.000000	13.000000
86	interval	393286	1389089	100	14007.53	1.000000	548	139	184	401	4	4	8	4.000000	4.000000	8.000000
87	interval	393286	1389089	100	14008.53	1.000000	553	140	185	403	6	3	9	6.000000	3.000000	9.000000
88	interval	393286	1389089	100	14009.53	1.000000	557	141	185	404	5	1	6	5.000000	1.000000	6.000000
89	interval	393286	1389089	100	14010.53	1.000000	560	141	185	407	3	3	6	3.000000	3.000000	6.000000
90	interval	393286	1389089	100	14011.53	1.000000	568	143	192	419	10	19	29	10.000000	19.000000	29.000000
91	interval	393286	1389089	100	14012.53	1.000000	575	144	194	421	8	4	12	8.000000	4.000000	12.000000
92	interval	393286	1389089	100	14013.52	0.990000	581	145	195	425	7	5	12	7.070707	5.050505	12.121212
93	interval	393286	1389089	100	14014.52	1.000000	587	146	198	428	7	6	13	7.000000	6.000000	13.000000
94	interval	393286	1389089	100	14015.52	1.000000	594	147	199	431	8	4	12	8.000000	4.000000	12.000000
95	interval	393286	1389089	100	14016.53	1.010000	600	149	202	439	8	11	19	7.920792	10.891089	18.811881
96	interval	393286	1389089	100	14017.53	1.000000	603	150	204	441	4	4	8	4.000000	4.000000	8.000000
97	interval	393286	1389089	100	14018.53	1.000000	607	151	204	441	5	0	5	5.000000	0.000000	5.000000
98	interval	393286	1389089	100	14019.53	1.000000	610	152	205	443	4	3	7	4.000000	3.000000	7.000000
99	interval	393286	1389089	100	14020.53	1.000000	614	153	207	445	5	4	9	5.000000	4.000000	9.000000
100	interval	393286	1389089	100	14021.53	1.000000	619	155	211	453	7	12	19	7.000000	12.000000	19.000000
101	interval	393286	1389089	100	14022.53	1.000000	623	156	212	455	5	3	8	5.000000	3.000000	8.000000
102	interval	393286	1389089	100	14023.53	1.000000	627	157	213	457	5	3	8	5.000000	3.000000	8.000000
103	interval	393286	1389089	100	14024.53	1.000000	630	158	213	457	4	0	4	4.000000	0.000000	4.000000
104	interval	393286	1389089	100	14025.53	1.000000	636	159	215	462	7	7	14	7.000000	7.000000	14.000000
105	interval	393286	1389089	100	14026.53	1.000000	644	161	220	473	10	16	26	10.000000	16.000000	26.000000
106	interval	393286	1389089	100	14027.53	1.000000	651	162	221	475	8	3	11	8.000000	3.000000	11.000000
107	interval	393286	1389089	100	14028.53	1.000000	658	164	224	479	9	7	16	9.000000	7.000000	16.000000
108	interval	393286	1389089	100	14029.53	1.000000	664	165	225	481	7	3	10	7.000000	3.000000	10.000000
109	interval	393286	1389089	100	14030.53	1.000000	668	166	225	481	5	0	5	5.000000	0.000000	5.000000
110	interval	393286	1389089	100	14031.53	1.000000	674	167	228	492	7	14	21	7.000000	14.000000	21.000000
111	interval	393286	1389089	100	14032.53	1.000000	677	168	229	494	4	3	7	4.000000	3.000000	7.000000
112	interval	393286	1389089	100	14033.53	1.000000	681	169	229	495	5	1	6	5.000000	1.000000	6.000000
113	interval	393286	1389089	100	14034.53	1.000000	684	170	230	497	4	3	7	4.000000	3.000000	7.000000
114	interval	393286	1389089	100	14035.53	1.000000	689	171	231	500	6	4	10	6.000000	4.000000	10.000000
115	interval	393286	1389089	100	14036.53	1.000000	692	172	233	506	4	8	12	4.000000	8.000000	12.000000
116	interval	393286	1389089	100	14037.53	1.000000	695	173	234	509	4	4	8	4.000000	4.000000	8.000000
117	interval	393286	1389089	100	14038.53	1.000000	698	174	236	513	4	6	10	4.000000	6.000000	10.000000
118	interval	393286	1389089	100	14039.52	0.990000	702	175	236	513	5	0	5	5.050505	0.000000	5.050505
119	interval	393286	1389089	100	14040.52	1.000000	705	177	237	516	5	4	9	5.000000	4.000000	9.000000
120	interval	393286	1389089	100	14041.52	1.000000	710	177	241	526	5	14	19	5.000000	14.000000	19.000000
